{"Assets/Animation/wave.json":["Assets/Animation/wave.json"],"Assets/Fonts/Poppins-Bold.ttf":["Assets/Fonts/Poppins-Bold.ttf"],"Assets/Fonts/Poppins-Light.ttf":["Assets/Fonts/Poppins-Light.ttf"],"Assets/Fonts/Poppins-Medium.ttf":["Assets/Fonts/Poppins-Medium.ttf"],"Assets/Fonts/Poppins-Regular.ttf":["Assets/Fonts/Poppins-Regular.ttf"],"Assets/Fonts/Poppins-SemiBold.ttf":["Assets/Fonts/Poppins-SemiBold.ttf"],"Assets/Icons/FoodIcon/apple.svg":["Assets/Icons/FoodIcon/apple.svg"],"Assets/Icons/FoodIcon/bread.svg":["Assets/Icons/FoodIcon/bread.svg"],"Assets/Icons/FoodIcon/chiken.svg":["Assets/Icons/FoodIcon/chiken.svg"],"Assets/Icons/FoodIcon/food.svg":["Assets/Icons/FoodIcon/food.svg"],"Assets/Icons/FoodIcon/food1.svg":["Assets/Icons/FoodIcon/food1.svg"],"Assets/Icons/FoodIcon/home.svg":["Assets/Icons/FoodIcon/home.svg"],"Assets/Icons/FoodIcon/house.svg":["Assets/Icons/FoodIcon/house.svg"],"Assets/Icons/FoodIcon/milk.svg":["Assets/Icons/FoodIcon/milk.svg"],"Assets/Icons/FoodIcon/mobile.svg":["Assets/Icons/FoodIcon/mobile.svg"],"Assets/Icons/FoodIcon/other.svg":["Assets/Icons/FoodIcon/other.svg"],"Assets/Icons/FoodIcon/shopping.svg":["Assets/Icons/FoodIcon/shopping.svg"],"Assets/Icons/FoodIcon/tamato.svg":["Assets/Icons/FoodIcon/tamato.svg"],"Assets/Icons/FoodIcon/travel.svg":["Assets/Icons/FoodIcon/travel.svg"],"Assets/Icons/PyementMode/bank.svg":["Assets/Icons/PyementMode/bank.svg"],"Assets/Icons/PyementMode/cash.svg":["Assets/Icons/PyementMode/cash.svg"],"Assets/Icons/back.svg":["Assets/Icons/back.svg"],"Assets/Icons/bank.svg":["Assets/Icons/bank.svg"],"Assets/Icons/calender.svg":["Assets/Icons/calender.svg"],"Assets/Icons/clock.svg":["Assets/Icons/clock.svg"],"Assets/Icons/donw.svg":["Assets/Icons/donw.svg"],"Assets/Icons/email.svg":["Assets/Icons/email.svg"],"Assets/Icons/expense.svg":["Assets/Icons/expense.svg"],"Assets/Icons/google.svg":["Assets/Icons/google.svg"],"Assets/Icons/group.svg":["Assets/Icons/group.svg"],"Assets/Icons/income.svg":["Assets/Icons/income.svg"],"Assets/Icons/lock.svg":["Assets/Icons/lock.svg"],"Assets/Icons/logo.svg":["Assets/Icons/logo.svg"],"Assets/Icons/logoBananner.svg":["Assets/Icons/logoBananner.svg"],"Assets/Icons/menu.svg":["Assets/Icons/menu.svg"],"Assets/Icons/password.svg":["Assets/Icons/password.svg"],"Assets/Icons/rupee.svg":["Assets/Icons/rupee.svg"],"Assets/Photos/Profile.png":["Assets/Photos/Profile.png"],"packages/cupertino_icons/assets/CupertinoIcons.ttf":["packages/cupertino_icons/assets/CupertinoIcons.ttf"],"packages/fluttertoast/assets/toastify.css":["packages/fluttertoast/assets/toastify.css"],"packages/fluttertoast/assets/toastify.js":["packages/fluttertoast/assets/toastify.js"]}