[{"family":"MaterialIcons","fonts":[{"asset":"fonts/MaterialIcons-Regular.otf"}]},{"family":"Poppins","fonts":[{"weight":300,"asset":"Assets/Fonts/Poppins-Light.ttf"},{"weight":400,"asset":"Assets/Fonts/Poppins-Regular.ttf"},{"weight":500,"asset":"Assets/Fonts/Poppins-Medium.ttf"},{"weight":600,"asset":"Assets/Fonts/Poppins-SemiBold.ttf"},{"weight":700,"asset":"Assets/Fonts/Poppins-Bold.ttf"}]},{"family":"packages/cupertino_icons/CupertinoIcons","fonts":[{"asset":"packages/cupertino_icons/assets/CupertinoIcons.ttf"}]}]